{
	"class_name" : "PinholeCameraParameters",
	"extrinsic" : 
	[
		0.99988750227135503,
		8.0997003038320881e-05,
		0.014999208013648383,
		0.0,
		-8.9999730000323784e-06,
		-0.99998200009449989,
		0.0059999505001559258,
		0.0,
		0.014999424007330451,
		-0.0059994105118198211,
		-0.99986950366183236,
		0.0,
		-22.632378117427962,
		9.5520012629357645,
		63.163944261317553,
		1.0
	],
	"intrinsic" : 
	{
		"height" : 773,
		"intrinsic_matrix" : 
		[
			669.43763712537111,
			0.0,
			0.0,
			0.0,
			669.43763712537111,
			0.0,
			719.5,
			386.0,
			1.0
		],
		"width" : 1440
	},
	"version_major" : 1,
	"version_minor" : 0
}